date,id,income,address
2018-01-01,000014d8b9df81a981f9175ace9ca5462e699a45,2600,臺中縣大里鄉中興路二段３３８號１樓 
2018-01-01,000014d8b9df81a981f9175ace9ca5462e699a45,2600,臺北市北投區立農街2段301號
2018-01-01,000014d8b9df81a981f9175ace9ca5462e699a45,2600,彰化縣彰化市華陽里南郭路1段383號
2018-01-01,000014d8b9df81a981f9175ace9ca5462e699a45,2600,臺北市信義區忠孝東路4段553巷5號
2018-01-01,000014d8b9df81a981f9175ace9ca5462e699a45,2600,臺北市中正區忠孝東路1段7號
2018-01-01,004250f82620c65b5971c0d2b911fd41633a860f,1200,苗栗縣銅鑼鄉九湖村銅科南路3號
2018-01-01,00aad8a9bce9c7a9ab85eddd13969ece59f9480e,7500,嘉義縣阿里山鄉郵政第3號信箱
2018-01-01,015e100dae4070a0799bbf56781d1d804da81f55,1500,嘉義縣阿里山鄉郵政第3號信箱
2018-01-01,02096bce4fc3ba5166df7a0fd539bd0b9ec2e99d,9300,嘉義縣阿里山區郵政第3號信箱
2018-01-01,02ab787b507d3af3ab6e02b1f51fbeb2a3965bbe,7700,嘉義縣阿里山鎮郵政第3號信箱
2018-01-01,03668cf2c3b448f1ddb3bcb3125c783a77d34a50,9700,嘉義縣阿里區郵政第3號信箱
2018-01-01,0805e7e02db63192f5bc28b8e64a20b23920647f,4600,嘉義縣阿里鎮中正村56號
2018-01-01,1f544af29c7c4715f99ea947c1d9631feb6f4a3b,6800,嘉義縣阿里山鄉中正村56號
2018-01-01,001e9f301170b75bc36374c078dd3378b831429d,2500,臺中市烏日區高鐵路1段172號
2018-01-01,166b4fc15c62c72c5f2063987f5e7ef8d6e19e93,600,臺北市松山區中崙里市民大道四段51號1樓
2018-01-02,0042657a62ffe72f53da64f2d7483cd24f1f554f,600,新竹市東區園區一路8號2樓
2018-01-02,001eb14dec651e41d02c6fe20ec98279f4e4a6b6,6400,臺中市大甲區中山路1段828號
2018-01-02,2d95018be51bda55207b68fe5bad841e14ccae83,2200,臺北市松山區中崙里市民大道四段51號1樓
2018-01-02,000035db5e9979aa4020820b68743e864f677381,9300,臺北市信義區忠孝東路4段553巷5號
2018-01-03,001eba9d230e10aa0c208fac2126baf2a6f1cff3,4200,彰化縣彰化市三民路1 1號
2018-01-03,0043684a82e6f1556155ab2a0e341a9266788bde,1800,臺中市大雅區科雅西路2號
2018-01-03,11d20130c244cd40df9c239b81b4eda2b51c764b,4700,臺北市松山區中華里南京東路4段47號1樓、47之1號1樓
2018-01-03,0000905806bc7f1705d8beeefe636d61f617a79f,4900,臺北市信義區忠孝東路4段553巷5號
2018-01-04,001fb48ba0a38729e05eb60e50fcf6dcdba6dcbe,8500,彰化縣員林市民權街55之1號
2018-01-04,0043dcffc982ce8d71550d027ec2e2af9bd3c99d,200,臺中市大雅區科雅西路2號
2018-01-04,28fdd3fdfa1160fafd128d64be88c67e2dd677bd,7900,臺北市松山區中華里南京東路4段47號1樓、47之1號1樓
2018-01-04,0000f2847602792f6de204720b180d2c19e6b050,9600,臺北市信義區忠孝東路4段553巷5號
2018-01-05,002022c6e55525a5982e8e821ec320a5fb411531,9100,雲林縣斗六市民生路187之1號
2018-01-05,004466eb98beb2878cc6e9f18394925322097277,900,雲林縣虎尾鎮墾地里光復34之2號
2018-01-05,11c46c0a76bb258a2e4712509e4f3f25f97323d8,9900,臺北市松山區中華里敦化北路199巷2弄5號1樓
2018-01-05,00010b3055c4cdc63a680899ad8c0e7d4ae0801f,7400,臺北市信義區忠孝東路4段553巷5號
2018-01-06,0021186d4f38de8a3e299add64010ba6b7d68727,4100,高雄市三民區建國三路2之6號
2018-01-06,1a10393ed487c3f259835f8b33d5e5be480ffa49,7300,新北市八里區大崁村龍米路三段二號一樓
2018-01-06,313a9c32307ebd11c9b0b6b75fe5de71d6b6ffee,8900,新北市八里區大崁村龍米路三段二號一樓
2018-01-06,144c57b945f4b3180ebf02b417868632e4d1a0af,200,新北市八里區中山北路2段468號、470號1樓
2018-01-06,2b618e7090788f408bada02b27078a81ab7a790b,1900,新北市八里區中山北路2段468號、470號1樓
2018-01-06,145249e7129bca15c06dbf9e1c8275cbf7ee918c,7500,新北市八里區中山路1段330號1樓
2018-01-06,17dc67dbc0ac72056181a16a2ed2a8a6685f83f1,5200,新北市八里區中山路1段330號1樓
2018-01-06,2b662a68aa7422fc02e0cda406d440c9b509f59c,4700,新北市八里區中山路1段330號1樓
2018-01-06,2f1434fe10adb03b2afa906d8a2fc38260329fc7,7100,新北市八里區中山路1段330號1樓
2018-01-06,0582fbe6366b57e9be68668c63381b5783622050,6500,新北市八里區中山路2段151、153號1樓
2018-01-06,1ce929e25e4103848c203071fa8eb52dd8bdc857,1000,新北市八里區中山路2段151、153號1樓
2018-01-06,073e78e256628e28ec1328feecfa0d8b23f51c99,0,新北市八里區中山路2段276號1樓
2018-01-06,1e88a6fcf65c61f7300641eb5d8cc28dcb209edc,9600,新北市八里區中山路2段276號1樓
2018-01-06,0ff880c038e295673639ac831eb723292e1b9e70,7200,新北市八里區觀海大道37號1樓
2018-01-06,272c6473754a9ad944b835e0fb887758fff0bc29,5500,新北市八里區觀海大道37號1樓
2018-01-06,09a7df25fdfee9814f03d0b432808084b3ba0a2b,8900,新北市八里區觀海大道53號1樓
2018-01-06,20ffdfbaa89ce30805cd84af94293042a64cef9d,2500,新北市八里區觀海大道53號1樓
2018-01-06,077394c01a5aab3833a896ce0a3d1fe2fcc3aaf1,7300,新北市八里區觀海大道61、63號1樓
2018-01-06,1ebc2242d51ee303505df17135390171d2226983,6500,新北市八里區觀海大道61、63號1樓
2018-01-06,0f65a0914ae9ecf81d0592af78c238aff8559ea4,5300,新北市三芝區三民街27巷2、4號1樓
2018-01-06,26a3c27987d03ce31083440a3d8f8d26ba75f201,7700,新北市三芝區三民街27巷2、4號1樓
2018-01-06,28efb6c26652c9217b774d4b13c41ff38ae7dba5,7500,臺北市松山區中華里敦化北路199巷2弄5號1樓
2018-01-06,000145ab5461c76caa90f7e5d1a23051948d13ae,2300,臺北市信義區忠孝東路4段553巷5號
2018-01-07,0021208319aadf5da0d5c12dd9ad1f187b3dee44,3500,高雄市三民區建國三路2之6號
2018-01-07,0045a1b741608679815272dc164c18ecd152d58e,3500,臺中市大雅區科雅西路2號
2018-01-07,0001d26f75528f15753a11950fff300104483704,8200,臺北市文山區萬芳路101號
2018-01-07,0b1a348a99ed89aff04fff2faa54eeb567ee47c3,9900,臺北市松山區市民大道四段一０五號一樓
2018-01-08,002156cc769201ffdf64c42014ef3b84c1764e41,2500,高雄市三民區建國三路2之6號
2018-01-08,0002454659c9afe957ef9119a8027673a03380ca,9200,臺中市西屯區逢大路98號
2018-01-08,0046155c2b8720f27a62ad8d1e7ea0c003c80e39,3600,臺中市南屯區忠勇路23之7號
2018-01-08,22613509aba4614c8081d5b93d17597b708cd8fc,5700,臺北市松山區市民大道四段一０五號一樓
2018-01-09,00225e02b6831fa42dce06dbba7020a78f4e1f6e,7800,嘉義市西區中山路528號
2018-01-09,00461992f65ef9c3f274a8431c88b17910cbeb74,8700,臺中市梧棲區大觀路6號
2018-01-09,05a55eb06c2d90ed5121958821846e0254993dba,8000,臺北市松山區民生東路3段130巷2之1號1樓
2018-01-09,000421320e05c90a6e7cdfec1660cb9fe396ad38,4000,臺北市信義區忠孝東路4段553巷5號
2018-01-10,000495141cc432678c546b0cd6bf3285dd8443ca,100,高雄市鹽埕區建國四路116號
2018-01-10,0022c6d636d896815827993835709e65acd3a44b,4400,嘉義縣太保市後庄里保鐵一路3段15號
2018-01-10,00462750ae16ef38e2620b6cc70e339f22ec5f09,3400,臺中市和平區和平路3段15號
2018-01-10,1d03b8d43f3491289c1db3fb07e58a70ab103c65,9000,臺北市松山區民生東路3段130巷2之1號1樓
2018-01-11,00475cf471ba4a15404f90b5b70395f9cec4767f,8500,臺中市潭子區南二路2號
2018-01-11,097a63073c1b9756a8d2136563e5ae55658938ca,200,臺北市松山區民生東路3段130巷5弄14號1樓
2018-01-11,00059b0b8924f08869182ec3a26b3d44a24fccfe,1900,臺北市信義區忠孝東路4段553巷5號
2018-01-11,0022f26990dbb8b4aa7db066f6701a216d4054be,6600,臺南市新營區開元路2之1號
2018-01-12,004764bde0c12f39a48c295642ecf1b5c716fb9e,5500,新北市新店區安豐路66號
2018-01-12,00059c0e916680bec9e2308a583fa623196953f0,500,臺北市大安區信義路3段111巷18號
2018-01-12,20c9c647d4b325fc07ec05411d56d70a0ccb418e,8000,臺北市松山區民生東路3段130巷5弄14號1樓
2018-01-12,00230d8d3e9522ed2f64dfd4f56b666c6166b20a,7700,臺南市東區北門路2段4號
2018-01-13,00231d261db3c4a32994a7cabb237954644023c9,1200,高雄市三民區建國二路38號
2018-01-13,0048f175e3e3fe58de543d6906a8101113c8fea8,7100,新北市新店區安豐路66號
2018-01-13,0005aa0b443c7576c84e385f9733a67bb6fb772d,6500,臺北市信義區忠孝東路4段553巷5號
2018-01-14,0005dfbae4888a54f01193c9fa7477f3b6c88331,6600,桃園市大園區埔心里航勤北路27號
2018-01-14,0023fe8bcb1ea3106c6f85105934f3e2e5321396,2000,高雄市左營區站前北路1號2樓
2018-01-14,0049131dc658cd1b80d656eace20da80a39ec10b,7000,臺中市南屯區忠勇路23之7號
2018-01-15,00240890da6e91930d67154cb2866a244d138863,8800,屏東縣屏東市公勇路62號
2018-01-15,0006333080936d47de8b7e9458e776160054c89d,7800,桃園市大園區埔心里航勤北路27號
2018-01-15,00493ea7971dd11219431a95337c68df69ae5d76,4700,高雄市新興區六合一路130號
2018-01-16,00245aa02f6cab6c2957cda37a28afbe1b3a71db,1700,屏東縣枋寮鄉儲運路18之1號
2018-01-16,0006772b9146b035265b39a48e29574cb2ffce35,1200,桃園市大園區埔心里航勤北路27號
2018-01-16,0049c0e533ec15841148f4330ec7384c922ccbdc,1100,新北市新店區屈尺路11號  
2018-01-17,0024a807381123b43c1406a1028489e21dd69f15,3100,花蓮縣花蓮市國聯一路130號
2018-01-17,0006821891a49a7796f47a70c7e54b6cf7bef4b4,2200,桃園市大園區埔心里航勤北路27號
2018-01-17,0049c5232e3e6713097dc597e66e4a803b020feb,8600,基隆市七堵區南光街23號
2018-01-18,00257583fb8cd5aed37d16d65b2c15ce6be2f166,2800,花蓮縣花蓮市國聯一路130號
2018-01-18,004aa5af87815a7e046b15d5a2a00c481f37a065,9600,基隆市七堵區南光街23號
2018-01-18,0006b14d1b862673c4ecfef81b1765621c975f86,3300,臺北市松山區敦化北路409號
2018-01-19,0026403335527e83f297d906273e09f9a368be08,8400,花蓮縣花蓮市國聯一路130號
2018-01-19,00073d2697f46bee0e458b8f0b7203b283e6e5a1,4400,花蓮縣新城鄉嘉里村嘉里路機場巷2號
2018-01-19,004b8c4ff761a3b964ad42fbde8e989a3096bad5,700,基隆市七堵區八德路3-1號
2018-01-20,00265d13f143ceb6c45f15efa9f46cabbb316ff1,1900,宜蘭縣宜蘭市光復路1號
2018-01-20,004c551ac6e393b9a5f36545db0f8842d7da2cf6,8700,新北市瑞芳區楓仔瀨路36號
2018-01-20,00073d89fd845a73f06d01ae2c3d04fb9b74e588,5900,臺東縣臺東市民航路1110號
2018-01-21,0026baf1f2a060636c95ea213880dd736c5e48d9,2500,宜蘭縣羅東鎮公正路2號
2018-01-21,004c891192169b0cfb2c52168c335e217404fcff,9100,新北市瑞芳區楓仔瀨路10號
2018-01-21,0007405ec186689a7efd1dbc1f624d44814299ff,4600,臺東縣綠島鄉南寮村231號
2018-01-22,002732d30b124f9ee0f1c8ecc515284189de4fd6,3200,花蓮縣秀林鄉和平276號
2018-01-22,004cf5861998df9121c83e023a0d1ec2c018f4f2,1800,基隆市中正區東海街1-5號
2018-01-22,0007c0cbb4e2f9afd28a75212c11a84a043b01a4,8900,臺東縣蘭嶼鄉紅頭村漁人151號
2018-01-23,00275b2cd2ccd912e5ae9d428c75701cdb5bbb4c,1800,花蓮縣花蓮市國聯一路100號
2018-01-23,00085c05bcf1659819fabad9ddf4ac971ec8f60f,5600,金門縣金湖鎮尚義機場2號
2018-01-23,004e496f9a2b21726909077bda4c946e2857dd58,500,基隆市七堵區明德三路96號
2018-01-24,002793f79c6097b72b7ad3219767909188f3dbef,7200,花蓮縣玉里鎮康樂街39號
2018-01-24,004e5d03836583d0c72aa8d11d948cedc75ab623,6800,基隆市七堵區明德三路51號
2018-01-24,00086f0ec4136100dcf3b92ca5854d7705919a05,5000,連江縣馬祖南竿鄉復興村220號
2018-01-25,004f6ad75261a875cf6618552fe4c4e653139a5f,8200,基隆市中山區中山四路28號
2018-01-25,000879a37fa9a540983e66f627a61d1540ed1174,4300,連江縣北竿鄉塘岐村261之2號
2018-01-25,0027b7e6e629b6d3e218032e3e8299fea3788d97,7400,臺東縣臺東市岩灣路101巷610號1樓
2018-01-26,0008e52d99f9feacb626a379436f74d0e23ecf04,5100,高雄市小港區飛機路632號
2018-01-26,0050017271c6092289953ca2888ace72609621d7,2100,基隆市中山區中山四路1號
2018-01-26,0027dff67702589f3343d76adf3e1e5b94ff009c,9900,臺東縣臺東市知本路2段900巷85號
2018-01-27,00500754c63a398c9f9c51d35f2a7d713d39eeb7,400,基隆市中山區中山四路24號
2018-01-27,00090ac6280ed69e3495e82d89ca5cb7956390a9,1300,臺中市沙鹿區中航路一段168號
2018-01-27,00284e2762d2be3554e98b558ec4578b8f553dc3,3500,臺北市北投區立農街2段301號
2018-01-28,005018c0e12c3ce08ef4b216a782420ca974f1ac,2600,基隆市中山區中山三路56號
2018-01-28,0028660dea56ea66519fb54c38ef7799c7dceaa4,9800,新北市三峽區大埔路150號
2018-01-28,0009d5d25535f91aa1976c527bc2825b8d3ab78b,8600,嘉義縣水上鄉榮典路1號
2018-01-29,00501985b63ecc4d2231743fbd2ad83b607442ad,5800,基隆市七堵區南光街23號
2018-01-29,0028833aa21431b52aa514d4a8b877f8898960ad,6800,新北市三峽區大埔路150號
2018-01-29,0009fcc0e1e77a6759b10a0b6c67b02ccff8edfd,6600,臺南市南區機場路775號
2018-01-30,002a3c9824a21bcf91ae34454e414a2b60fe0cda,0,新北市三峽區大埔路150號
2018-01-30,00502be898958ca1fb7390a5077ccf6a9579ca47,3000,新北市汐止區大同路3段275號
2018-01-30,000ae75d1ab2f091ee74d82eec79ec53b60589bc,4200,澎湖縣湖西鄉隘門村126 9號
2018-01-31,000b1f7da2b04d743650d2a5c8f2dae300f41195,6500,屏東縣恆春鎮省北路二段393號
2018-01-31,002a83023c92a5b2e304ed4a9f02495f552a4be7,2500,新北市三峽區大埔路150號
2018-01-31,00514232ba72c3d603d265ae36d8c74991e07467,500,新北市汐止區大同路1段201號
2018-02-01,07713b8220a82eb40d729e33147e9e59ea2e89c6,6500,桃園市平鎮區上海路190號、桃園縣平鎮市南安路128號
2018-02-01,1eb6dd1421c126c0600c2ae58d519849c71823a3,1100,桃園市平鎮區上海路190號、桃園縣平鎮市南安路128號
2018-02-01,10381b76b662bb0fc8165947b7c18e29f48918d0,0,桃園市平鎮區大仁街二十三、二十五號一樓
2018-02-01,2767bd789f39fcb4972bcbc85a2b5f040beff6e2,4600,桃園市平鎮區大仁街二十三、二十五號一樓
2018-02-01,1987b1245ca435c2339be2ec25e08cf46274ecb0,8500,桃園市平鎮區大勇街六十四號一樓
2018-02-01,30b7d1d122ab007cc5509377bc3bc6895052aa08,4800,桃園市平鎮區大勇街六十四號一樓
2018-02-01,0847c9b60f56299a2a66c94853e2cf67f596f89d,8800,桃園市平鎮區中山路233、235、237號1樓
2018-02-01,1fa04ddbf7921a0640346a0949b59538a55be61d,4900,桃園市平鎮區中山路233、235、237號1樓
2018-02-01,082ddd6d075746ebce3daa73a180e201925a1eb6,2700,桃園市平鎮區中央路169、171號1樓
2018-02-01,1f7eb81e50154b64364ea1618c8e48842d207bb2,3900,桃園市平鎮區中央路169、171號1樓
2018-02-01,09f1a174a1264315d712fa09ec022e082f82007a,3100,桃園市平鎮區中央路187號1樓
2018-02-01,214f4de88487383adccdb3673336036d5f7426f6,700,桃園市平鎮區中央路187號1樓
2018-02-01,0f8e0f076a75bbb75ad64561b618a9791a14e44b,3800,桃園市平鎮區中正五路162號1樓
2018-02-01,26c8a0980455df96e388e59d6e01de32dd22cfd5,1700,桃園市平鎮區中正五路162號1樓
2018-02-01,06f85000dbe3c0ff14b9fbefca05f8909a8ec2ab,2100,桃園市平鎮區中興路平鎮段349、351、353號1樓
2018-02-01,00519442a05c7277538a74cdbb55e8db0d79bce9,400,新北市汐止區大同路3段264號
2018-02-01,002a836f4d7a3f40a00d5f89f23bea8b7f5bc506,9400,臺北市北投區立農街2段301號
2018-02-01,000b3c6ee6ba1e83051e2758809edf0b8e35c274,9600,澎湖縣望安鄉中社村156號
2018-02-02,0051e5ad2b99dcfc12716344f3ba4157543f2d01,900,新北市汐止區大同路3段338號
2018-02-02,002b7e63933c0afbe64a880d65b609a543a31fc2,4700,臺北市北投區立農街2段301號
2018-02-02,000b6f796fcc82919f6b8ed431dc022fc11142d5,3400,澎湖縣七美鄉平和村55號
2018-02-03,00522675e0c734ed2811ce919932b9bf672361f1,7700,新北市汐止區大同路3段585號
2018-02-03,000ba3f79ace4339443249cc1ffff3dbd7ffedf7,7600,新北市泰山區黎明里半山雅70之2號
2018-02-03,002c1d652bd6404aec3aeaa9d959cce286703e70,9800,臺北市北投區立農街2段301號
2018-02-04,00527769d3ad21a2a8b339e1f837fb7e7401f405,7200,桃園市蘆竹區新南路2段100號
2018-02-04,000c0fc4e89d882fd5d278538ff759f58505fce8,1200,新北市泰山區大科路1號
2018-02-04,11da2de3225d0e81c4941f01c6bbb78690687529,2400,臺北市士林區福佳里文昌路95號地下3層
2018-02-04,29056eac6ce646b8fcbd6f5ed101cc7d430a6191,1900,臺北市士林區福佳里文昌路95號地下3層
2018-02-04,19ba745443185dbc196a3534c728ec9ac41c9991,700,臺北市士林區福佳里文昌路八十一號一樓
2018-02-04,30e653231a2e6db09888f3111844256f4442c140,6000,臺北市士林區福佳里文昌路八十一號一樓
2018-02-04,12dacc0d8e601192b827f19121fb6d26e1e49f4c,1700,臺北市士林區福佳里美崙街118號1樓
2018-02-04,2a0329c26cf0d9dc91a7b65cfb4ab160131290e9,1400,臺北市士林區福佳里美崙街118號1樓
2018-02-04,1684a2a30737faacc2263108711482ecd3af6aa7,4600,臺北市士林區福林里中正路233號、233之1號1樓
2018-02-04,2db4a503f92e71bbd771de5703614ad61b6d4047,0,臺北市士林區福林里中正路233號、233之1號1樓
2018-02-04,06e620562296f73b3bbf4a26eff3340e78df3892,9000,臺北市士林區福林路191號1樓
2018-02-04,002c4178eaec75cded052f8b4fa949f1b02f7125,3800,臺北市北投區立農街2段301號
2018-02-05,00527be56d9e36e009b85b336bad77d062599376,8800,桃園市八德區中華路641號
2018-02-05,000c31c5299f7125383fdc89b9d330832c14a749,7500,新北市汐止區長江街254號
2018-02-05,002c426b501529186f53c1272f040f53c745f1eb,4500,臺北市北投區立農街2段301號
2018-02-06,005285dc0dccda39d8a8eb578e0adb3aa93e1f0c,0,桃園市楊梅區永美路470號
2018-02-06,000cd5de1f640fd6f217009fd7cfd73e06a99554,500,臺北市中山區濱江街95號
2018-02-06,002c6c2da85a39cc255f3baf32f6591604734881,8200,臺北市北投區立農街2段301號
2018-02-07,0052a7e40028d66512a9e334293a3addb4ff280d,7800,桃園市楊梅區梅獅路2段580號
2018-02-07,000ce6e940441b9098a38f5a439cbede6c431d5d,3600,新北市泰山區大科路3號
2018-02-07,002cd7367abfb3781e01584f6400f83f82885336,4500,臺北市北投區立農街2段301號
2018-02-08,000d253f4bbfb868204a984df23ab22bb70a5937,7100,桃園市中壢區內定里20鄰內定二街996號
2018-02-08,0053484ff9ee52301f57c527d64ff419d0b12496,2000,桃園市楊梅區環東路292號
2018-02-08,002cee10bb2a8700cbad6ca17dac983b63e8befe,8000,臺北市北投區立農街2段301號
2018-02-09,000d72836db0fd4d101ed37763236070f99c9af1,3600,苗栗縣造橋鄉造橋村雙鵝山9號
2018-02-09,005370b8c13142c432bcf101c9a524cae0c29468,9900,新竹縣湖口鄉文化路160號
2018-02-09,002d0f4910b0a43b88e5a024bfc0569334c0162c,4000,臺北市北投區立農街2段301號
2018-02-10,000d7856cfa5aa49d3cc07f941393f8a9cc5d345,3300,桃園市楊梅區校前路294之1號
2018-02-10,0053e7ca5e0b940fc99800c7c1c169206c218d80,4200,新北市八里區訊塘里7鄰下竹圍路25號
2018-02-10,002d3ca94adf6e8d452d0d32406a87baac1ca4b8,1700,臺北市北投區立農街2段301號
2018-02-11,000db4fd2d2a784f786f6a2e6cb01a303fd5085a,8500,苗栗縣造橋鄉造橋村雙鵝山9號
2018-02-11,0054850bb632cca087537afe91c56a9eec5e9ccd,1600,臺中市梧棲區梧棲路47號
2018-02-11,002d5109beaa1ba88518ef758b97724648eeeedd,9100,臺北市北投區立農街2段301號
2018-02-12,000e464ed5218355712957f1de1eeceb815335f3,7700,苗栗縣造橋鄉龍昇村4鄰九車龍42之17號
2018-02-12,0055992f28e8c497ed0571734e3d45a09e1fe7d0,3900,臺中市清水區中橫13路15號
2018-02-12,002e6473e1fc7b4048800260ce5afb8a1d39d371,3900,臺北市北投區立農街2段301號
2018-02-13,000e6edafbd14ccc1705f69c6ecd91dfcf68e484,5200,彰化縣埤頭鄉和豐村埔尾路52 2號
2018-02-13,00560193295ec50faa4a5994b9cf05e45239ed43,2400,臺中市梧棲區中南一路2段821號
2018-02-13,002ea5d34fbe7c0e477b588f9de842cc1b504614,2300,臺北市北投區立農街2段301號
2018-02-14,002f5b8951ee6b67063bf0df206978eb20781a12,400,新北市三峽區大埔路150號
2018-02-14,000ee0d3aa0d8c281a2f10fbd89b7b03e3e4ddc8,500,臺中市后里區月眉里九甲七路398號
2018-02-14,005654996db900bab5a2add314c87866fd4892c3,1600,臺中市梧棲區中南一路2段757號
2018-02-15,002f7b2d8d1f3a570f2539fd91741bbb95561055,7800,新北市三峽區大埔路150號
2018-02-15,000f3d5b84cd4cbf1e8a58edb6211d9cdbd1830b,2300,彰化縣埤頭鄉和豐村埔尾路52 2號
2018-02-15,0056a6c4d9bd3fa94024f4b977abd2e2e061b1d3,8700,臺中市梧棲區中南一路2段809號
2018-02-16,0057e9518ec304ae4a5102e4d97ed38e9e7ccfaf,4800,高雄市前鎮區和平二路227巷22號
2018-02-16,002fa6f9adfa74109d4f5545e76f256228116cab,6300,新北市三峽區大埔路150號
2018-02-16,000f642cb658df8c2ac86edeca51b49ef584ee56,5000,彰化縣員林市林厝里員南路230號
2018-02-17,005847015e50e301ea82223ac1c49c1711b711e5,3900,高雄市前鎮區和平二路227巷22號
2018-02-17,002fe46e6c596b0a9235390f56069bc54d460d93,2000,新北市三峽區大埔路150號
2018-02-17,000fa54315f1ba8982dffc19abfb4ad8381d876c,0,臺南市後壁區平安里藥店口55之12號
2018-02-18,002ffafc5986fa7f4863398e1351684f6f984211,4700,桃園市八德區重慶街36號
2018-02-18,0058b17606b05eb875248ea8db49d22886c98e3b,9700,高雄市前鎮區鎮港路18號
2018-02-18,000fef3b5b581ccd9d4dff142f6743299cf7ecef,9500,雲林縣大埤鄉尚義村頂巷80之1號
2018-02-19,003063fc3704f0d4ed6f8168d8fe036acc481826,1800,桃園市八德區重慶街36號
2018-02-19,02a4f371552ce2e4ca7a161b58a2e7501e0b498f,100,臺南市左鎮區榮和里61-1號
2018-02-19,035ca26074e28046daf646dc4d88917199c93612,6400,臺南市左鎮區榮和里61-2號
2018-02-19,0059e517680dc932345a0341c6d3eed86d5e185e,2600,臺南市左鎮區榮和里61-3號
2018-02-19,00101712d4815ccbdc1d24c61159f1fe17758faf,3800,臺南市後壁區平安里藥店口55之12號
2018-02-20,003083da2193f7cc2eb72eafa88fc04b47f350cb,7600,桃園市八德區重慶街36號
2018-02-20,0059e9e1b3b367c0443c9ed34550612440c75c5b,3600,高雄市前鎮區擴建路5-1號
2018-02-20,00106494aee368f7851d5f8b8b1280b1168d457d,3900,臺南市新市區豐華38之68號
2018-02-21,0030b97fa3a4eb80151acc410c4a490837813c70,5900,桃園市八德區重慶街36號
2018-02-21,00107f3f1ea456e3764733f28103101cc2730cd5,500,高雄市岡山區大莊里大莊路80巷61號
2018-02-21,005a06d87f28bc8e510486563c9b00f4a7830339,3900,高雄市前鎮區和豐街66號
2018-02-22,0030fd61994b75cfff02c6e325404094f5940888,3600,桃園市八德區重慶街36號
2018-02-22,0010bf77ad056747600adb4849250aa42115a4c1,3800,高雄市岡山區大莊里大莊路80巷61號
2018-02-22,005a9bc43bde0a73e83dbbfe7a1c6496785e9855,4800,高雄市前鎮區漁港北三路1-1號
2018-02-23,0010cdce5c2b5f4c8d78db7a523f734a6e12dfb5,7200,高雄市田寮區南安路71之5號
2018-02-23,005ae4cab1cf51bd9ecf076139f27483300f188f,3800,高雄市前鎮區亞太路10號
2018-02-23,003101b21e34de1fb92016abb0ad5f6fe5e44ffe,4600,臺北市北投區立農街2段301號
2018-02-24,00115ab3ed20987c196578df1955d1e9050ba440,5400,屏東縣竹田鄉西勢村南西路166號
2018-02-24,005b32f37ac542687e08cdb79f2cb13abea9022a,3300,高雄市前鎮區新生路999號
2018-02-24,00332502ebc1bf0d6859e6cbb91cff0405896ebc,1400,臺北市北投區立農街2段301號
2018-02-25,003327e853cdf97779ae5b049b416aa5b22e182b,6600,桃園市新屋區警訓路100號
2018-02-25,00117ba1b9bc421876039364e38b79847aaa5058,6300,桃園市龍潭區高原里大庄8之3號
2018-02-25,005b57204ab57b03b202ca982e4df8a8d116524e,3500,高雄市前鎮區新生路999號
2018-02-26,00334cdeed97407b7d8d3e2b6aaf2def838a8426,200,高雄市仁武區中正路451號
2018-02-26,005c4381aa5df18b0c8243b3c990939a2355ee29,7400,高雄市前鎮區新生路999號
2018-02-26,0011e73b6052178ae80ab6985bfcd85f3ebc65a0,2900,新北市樹林區佳園路三段101巷1號
2018-02-27,0012265068458c63a904ba9bc8a63797ad82ce20,5600,桃園市龍潭區高原里大庄8之1號
2018-02-27,005cb37044c42633e6d4050291be56460d3a1be2,4100,高雄市小港區光和路68號
2018-02-27,0033b8255d1cedfed531e9e14facab6f3c92d9c2,3200,臺北市北投區立農街2段301號
2018-02-28,005cf053d61e0808dffc9b4a392077ec4b8d7556,200,高雄市前鎮區草衙2路3號
2018-02-28,001289ec1b22c1b9a5dce3e2267eb344368c7515,3900,新竹市香山區經國路三段127號
2018-02-28,0033be1cc11d0212b0ded6bae9a72c2ab9907b2d,4000,臺北市北投區立農街2段301號
2018-02-22,005d188ef0b1cfa53979bdc6862df3c287ef8173,9700,高雄市前鎮區東亞路2號
2018-02-22,0013534e133ae3ab988103bfbf202765f21d154b,2400,彰化縣彰化市三村里4鄰聖安路1026巷19號
2018-02-22,0034b56514fab820e36904952c36907274e53df4,1000,臺中市西屯區逢大路98號
2018-02-22,005d9997801fd472a928cab54bba0bbe00dd7e86,5800,高雄市前鎮區明正一街49號
2018-02-23,0035b0dac842412bd24ee0ad23cd3ed651b81d54,3400,新北市中和區景平路123號
2018-02-23,001446db1e1381faef96c050257c5c0730357096,8800,臺中市大甲區幸福里東明路137之22號
2018-02-23,005da1c17ca2194eda88bc388bc520048062c553,2600,高雄市小港區東亞南路6號
2018-02-23,003608d01f91f8bd04eaaf572a66c2372b32bc2d,500,高雄市路竹區路科五路25號3樓
2018-02-23,001468ed01205adef9016cf8eb510c05aa3fc29d,5300,彰化縣彰化市三村里4鄰聖安路1026巷19號
2018-03-01,0015036c54f527627c3b1e881abc219a4f8ba352,6200,南投縣埔里鎮牛眠里西安路2段1號
2018-03-01,0036cfadc38f08ca279f8392eb36879b1cea0b06,6600,屏東縣恆春鎮南灣路387號
2018-03-01,005ddfbc1de09dea0341f8b50773be7ecd4a1340,2200,高雄市小港區南星一路2800號
2018-03-01,17fe1f9904c1b33d94796e55ef9cd88bedf2d1ad,7300,新竹縣竹北市十興里縣政二路一七五、一七七號一樓
2018-03-01,2f3bb334d1a3b2d41466ec1f961570bc30059970,2200,新竹縣竹北市十興里縣政二路一七五、一七七號一樓
2018-03-01,19c5d2f047861009278ea229fd40e3d298e78d3d,8700,新竹縣竹北市斗崙里七鄰縣政九路一四九號一樓
2018-03-02,00153b8bcda26f66a0a2a9390eb48f4a714bcd20,4300,南投縣名間鄉萬丹村新丹巷268號
2018-03-02,0036f1840452b5bc8cdebf0cac155b7f01ee4bc0,1400,屏東縣恆春鎮南灣路387號
2018-03-02,0e62dca9c02fbcf538cb5e1cdc2b10872cdbba6a,6300,高雄市前鎮區一心一路４０６號１樓
2018-03-02,2598f6b44ea01daa4a8ca48f91b9e407cd597168,7700,高雄市前鎮區一心一路４０６號１樓
2018-03-02,0fa272bde39abf6e48fb7877670a6be2fe86aff6,4200,高雄市前鎮區一心二路25號1樓
2018-03-02,26dd7723a3e7900e07730a358013d2bd42c85ad8,7600,高雄市前鎮區一心二路25號1樓
2018-03-02,0f01f11785b0a2dbe6be575dbb99313034f007c9,8800,高雄市前鎮區一心二路83號1樓
2018-03-02,2631999f31687c8900297c17e9a682db5e6f8e5b,8200,高雄市前鎮區一心二路83號1樓
2018-03-02,055f20501158b42921a066b8f621dff3b6e7983f,4700,高雄市前鎮區三多二路４６７、４６９號１樓
2018-03-02,1a8dfae789707a74150a361ec822fb008e46fa91,1400,高雄市前鎮區三多二路４６７、４６９號１樓
2018-03-02,1cbb8d9377ec5e1fffd7bc7a5dd0a0fddc764ebb,2600,高雄市前鎮區三多二路４６７、４６９號１樓
2018-03-02,31ba0471e88ba5a3da5fd1cf304c0ce243e00acd,2700,台南市左鎮區中正里171-4號
2018-03-02,00a14bf3194678385dbafcaaf9bd228166f22b19,7500,台南市左鎮區中正里171-5號
2018-03-02,01561d27ffb9cf69e9d5027e44e1f60738c00771,4000,台南市左鎮區中正里171-6號
2018-03-02,020119851235cc1c5139239ef305cb8ac7227da2,700,高雄市前鎮區大華一路34號
2018-03-02,005df9172e0075ab6432a68422fb0bca35bf6ed5,1200,高雄市旗津區旗津一路10號
2018-03-02,30f7538383a016746660afd74ba7a287b8da3b3e,7800,新竹縣竹北市斗崙里七鄰縣政九路一四九號一樓
2018-03-02,11276adf8cd10571cfbadb652e1d87e30a728380,7900,新竹縣竹北市斗崙里縣政二路八十五號一樓
2018-03-03,00373aa1b54944032857c5c6472c9ee8ed6aff11,200,屏東縣恆春鎮南灣路387號
2018-03-03,005f411d3a508b12dca3d36a7a684e295620d153,5300,高雄市旗津區旗津一路40號
2018-03-03,2855f258959fdc89ddaa8ee1f08186844396d55a,9300,新竹縣竹北市斗崙里縣政二路八十五號一樓
2018-03-03,001583e02fc045952e25da859b62328c05b1bf47,4100,臺南市東山區枋子林74號之6
2018-03-04,0037a5221caa76c6cb3236057eba473abf95e3d4,9900,屏東縣恆春鎮南灣路387號
2018-03-04,0015ada272a2702b128452a5a86d0effed72b132,3400,雲林縣古坑鄉永光村大湖口151號
2018-03-04,1693c29557a5255ff0eee2873f56b1b51ebfbc05,8800,新竹縣竹北市斗崙里縣政二路六十九號一樓
2018-03-04,005fe8d13f89f07a6370f87c6804615c1c6f4bf9,5000,彰化縣彰化市南郭路1段383號
2018-03-05,064bcf8b37a733efd1e90706febfb5c9f6f677b2,5400,新北市萬里區大鵬村加投路一九七之二號一樓
2018-03-05,1da1353c1ee5c332788b011dbd8775138abd17f5,2500,新北市萬里區大鵬村加投路一九七之二號一樓
2018-03-05,1a22414f6c4cde677619e60433c1e3777ff01a45,2600,新北市萬里區加投路一九０號一樓
2018-03-05,314af11e830993786bfb0e6b8d1ba62b4c412485,3800,新北市萬里區加投路一九０號一樓
2018-03-05,0d6846b323c6c18a77079f02bc22c0b27dbf83b0,9300,新北市萬里區野柳村港東路１５８號１樓
2018-03-05,24a2ad5a2c71fe11f28ffd444ba8f3c8b8f6500a,9400,新北市萬里區野柳村港東路１５８號１樓
2018-03-05,2dc492909bb49ebc829b4bc9b8750981c5ad1415,3200,新竹縣竹北市斗崙里縣政二路六十九號一樓
2018-03-05,00600ce8ed2afe7caaa54d63388519d043f4bf4f,800,彰化縣彰化市華陽里南郭路1段383號
2018-03-05,0016f9472d0a6a4011a7463469d67156dfef82f0,7600,臺南市白河區崁頭里七鄰崁子頭65之23號
2018-03-05,0037d101daf1a4d269d26ed8bda76cd2085e441c,3400,臺南市新市區南科三路6號
2018-03-06,0060991d658abb5067c4a570332d59efb288dd0a,1800,彰化縣彰化市華陽里南郭路1段383號
2018-03-06,00179f6cf55d27b3836619e8c45dcb896ffa0904,1700,臺南市善化區茄拔511號
2018-03-06,003825d6442a10a40f5cd48dc4a0fce05493150a,2500,臺南市新市區南科三路6號
2018-03-07,001821d98faf51abf0201100d02067c328896c16,9100,宜蘭縣頭城鎮二城里青雲路1段82 1號
2018-03-07,00384b8aaaf359d3b150543d680128dc42286cf2,5100,高雄市路竹區路科五路25號
2018-03-07,0060db279692f7ad9bb0c035f8bd77de2853154a,9600,彰化縣彰化市華陽里南郭路1段383號
2018-03-08,00387165d5e7f017068ed8b4692a7961f25a5a21,3900,高雄市永安區興達路6號
2018-03-08,001836482d925751f2ca976a9e54fbc865b02ae0,8300,基隆市七堵區大成街62 1號
2018-03-08,006112f0561aeca4096be7d4ff5250cc3c5330a3,600,彰化縣彰化市華陽里南郭路1段383號
2018-03-09,0038a3c775706571ea2c60fad4d4297e1a62e8cb,6500,台南市新市區南科三路6號
2018-03-09,00614e96e2e0828a137a242613a7cf4300520a58,9000,彰化縣彰化市華陽里南郭路1段383號
2018-03-09,00183a06ec5851ed0ddae7a7d24d88fef55fe90f,8700,臺北市文山區新光路2段96號
2018-03-10,0038d33d7dd2bc0f4d90034d0ac9ac0930014fb4,5300,高雄市楠梓區加昌路600之8號
2018-03-10,00187f6260bf21c49c87f6b1511a51e93504007d,6600,新北市石碇區豐林里3鄰文山路1段2 1號
2018-03-10,00626a3e20fc08662d3d5307444588a1e72e0a68,3900,彰化縣彰化市華陽里南郭路1段383號
2018-03-11,0018c19cf69070bae571f71bf27393ee431e27b1,3500,宜蘭縣頭城鎮二城里青雲路1段82之1號
2018-03-11,00395534ccc7f79857f5e22e31927e1ae1e16ced,4500,高雄市楠梓區中三街6號
2018-03-11,0062dae346a6d4fce695debfb00372ddf69f47d6,6500,彰化縣彰化市華陽里南郭路1段383號
2018-03-12,0018c6939ac996ff47f1b52690e1ba21bda3c1a3,6200,宜蘭縣蘇澳鎮蘇新路103號
2018-03-12,0039f81ec23b48b3fd97c67e103207ea9e427c36,9400,高雄市前鎮區中一路4號
2018-03-12,006347c74d2e4203ad3433cb8aa589de2dda8e61,2400,彰化縣彰化市華陽里南郭路1段383號
2018-03-13,003a12067ab61b3e51e092aa18e9903721dcf2ab,8900,屏東縣屏東市屏加路1號
2018-03-13,006358e645d6e717ea0587eccf9cbbec6eec87f6,9000,彰化縣彰化市華陽里南郭路1段383號
2018-03-13,0018f23e91b6c38265f2f9ed47c05eda5b4b509b,3400,臺北市中正區北平西路3號3樓
2018-03-14,003a21168645d19b4b7ec7a90c2cb061a37ac1d0,6800,高雄市前鎮區新生路248之38號
2018-03-14,00638aedf59b29ee55a69755b400dab1188c5e41,9500,彰化縣彰化市華陽里南郭路1段383號
2018-03-14,0019e37b99df439039c55689c875543e27ea6364,1500,臺北市中正區北平西路56號
2018-03-15,003b2009d7390add4d05f48160ec2e3d12fd11e4,4400,高雄市楠梓區加昌路600之8號
2018-03-15,00646b481fae60ab2525aeebc891de208a91eeed,1500,彰化縣彰化市華陽里南郭路1段383號
2018-03-15,094e4e584f18306a936b45f929beb9d1b2a41a0e,1700,臺中市后里區九甲七路400號1、2樓
2018-03-15,20a4d23ac8b91f11f52185c107d7aa8313d39849,7500,臺中市后里區九甲七路400號1、2樓
2018-03-15,094c8872f2120f6d0cc2c70f61a116e218ba7dc6,1400,臺中市后里區九甲七路400號1樓
2018-03-15,20a357e51f92d4df4a05f3cdc80d37b6b8819e6e,9200,臺中市后里區九甲七路400號1樓
2018-03-15,0af91bdf91fa86bb00e17f725a515eacc8b417f5,2600,臺中市后里區三光路36號1樓
2018-03-15,2245ce03ff8a14f8a42bd4b9ddfac48087e702cd,7300,臺中市后里區三光路36號1樓
2018-03-15,07274862a663bbdc5b8702a016b23ffd0c1dc47d,6500,臺中市后里區三豐路１１３之２４、２５號１樓
2018-03-15,1e7347663b2beaf1f55337a41b833299bbdb9ff7,4800,臺中市后里區三豐路１１３之２４、２５號１樓
2018-03-15,1046b2cf189ce12a219001b1fc580e5fda561ef4,9800,臺中市后里區三豐路１７７號１樓、公安路１段３號１樓
2018-03-15,27757837e8dcd2d8a4287b1587dee63dd066ec8d,4600,臺中市后里區三豐路１７７號１樓、公安路１段３號１樓
2018-03-15,0044eda3d9ab70895467324b147a19969f3e6e58,5200,臺中市后里區三豐路427之1號
2018-03-15,00f00bdb4a1253cdef067e506d5494ba5850e787,7800,臺中市后里區三豐路427之1號
2018-03-15,109a60f5f76a0f366441c7a88c7c154c3c77b1ce,5700,臺中縣大里鄉中興路二段３３８號１樓
2018-03-15,27d5bc0e350a373d966a6fab3f764e555b60b00b,2700,臺中縣大里鄉中興路二段３３８號１樓
2018-03-15,050705ca2ddcbf8e73be8110ed66489cc17576ce,8800,臺中縣大里鄉中興路二段４４６–１、４４６–３號１樓
2018-03-15,1c63bc55ced473d46f85e7eb24837fdd0ad72247,300,臺中縣大里鄉中興路二段４４６–１、４４６–３號１樓
2018-03-15,05619f6512078bbdb63e650314f101c6ec84f591,5400,臺中縣大里鄉中興路二段５４２、５４４號１樓
2018-03-15,1cc0d406e251b81913b2397e8a767bfbb8c4524a,7900,臺中縣大里鄉中興路二段５４２、５４４號１樓
2018-03-15,16eb246808bb7b57a2e3cad5688e57b5fb5d0127,2200,臺中縣大里鄉仁化路４５９號１樓
2018-03-15,2e17cf0f483549ad8633fe91c0677f5b5072adb1,4900,臺中縣大里鄉仁化路４５９號１樓
2018-03-15,09592a6f56bf7139763e05355355e9b53c3bb8a2,4700,臺中縣太平市建興路47號1樓
2018-03-15,20b189d58faf3a1bac57fc873d7f11f0b8a53a25,0,臺中縣太平市建興路47號1樓
2018-03-15,0ee783e76773018037e15ebf243b45170fe31fcc,0,臺中縣太平鄉大源二街１號１樓
2018-03-15,0019f00245c02d9a72fc371ed657764f8023c1b5,4900,臺北市南港區南港路1段313號地下2樓
2018-03-16,003bd53ab6c6751dae976e55afcc95040c636747,4600,新北市新店區安豐路66號
2018-03-16,00647954a25616a637b38a47814de4bc9b0623b0,4700,彰化縣彰化市華陽里南郭路1段383號
2018-03-16,001a4846a5f8fd25fbfbe8275cbd8daccb0c0d50,2400,臺北市中正區北平西路3號3樓
2018-03-17,003c4acc3f6b338a016bc74bfac2aa6ca24dcec1,4000,新北市貢寮區研海街62號
2018-03-17,00651a69289732575559bbbbc1aa22fd99ed6815,7800,彰化縣彰化市華陽里南郭路1段505號
2018-03-17,001a9b77ba679d3d8f68fa77d35a67ea15b42412,7400,臺北市中正區北平西路3號地下1樓
2018-03-18,003cc8e2d4de39c093516fc1061652364753c62d,7400,新北市貢寮區研海街62號
2018-03-18,006626084440a27b10b286af0a2d1fa8bc96b801,1500,彰化縣彰化市華陽里南郭路1段505號
2018-03-18,001aadbf923f5ebd83bd637b0d4efcaf9964170c,9500,臺北市中正區北平西路58號
2018-03-19,001ab47512c05e0aec45d6c4722d799c12a2d21c,7500,基隆市七堵區東新街2號
2018-03-19,003cd5fa26c5197f1584afaacdaf7152bde35402,4000,新北市貢寮區研海街62號
2018-03-19,00662901fbe19756adf638a6856d911859f7dceb,6600,彰化縣彰化市華陽里南郭路1段505號
2018-03-20,003d43f507983a6fa77a54bbd7b7ef3378c9ad50,6900,新北市石門區茂林社區260號
2018-03-20,00665898ea6d784a316217b47375b24c4678b243,7300,彰化縣彰化市華陽里南郭路1段505號
2018-03-20,001addf48014218b29409c20694babfdb5ecaed7,4400,臺北市南港區南港路1段313號地下2樓
2018-03-21,00665d026ac69517126bccd7866ea19e5692e2ad,4100,高雄市仁武區中正路451號
2018-03-21,003dbe4c34ce8d4cbda5854373ae6816e6813611,5900,新北市石門區茂林里茂林社區260號
2018-03-21,001b74ab74e5dcc29551b3b82dd2763446d39bc7,3300,臺北市中正區北平西路3號1樓
2018-03-22,00669e45701ca09eebe53d7d104d00521d19a68f,1700,高雄市仁武區中正路451號
2018-03-22,003df153b734e825a9b0fac38db713860c9f2f74,3300,新北市石門區茂林里茂林社區260號
2018-03-22,001b93a2f3d75e0250b7f0291e6f57172c09aa29,7700,新北市板橋區縣民大道2段7號
2018-03-23,0067f664ef8a9b641a909b5618e38cf117abbefd,1800,高雄市仁武區中正路451號
2018-03-23,001c5920e3a2eb06ee7f7f0b0ea71a73f49ec555,8700,新北市瑞芳區明燈路3段82號
2018-03-23,003e2592e155c981664cbd36c869adf7cc3a3b10,9400,新北市萬里區野柳里八斗60號
2018-03-24,00686fafb7448ecc13ab295fd15ed0a3d42484aa,1100,高雄市仁武區中正路451號
2018-03-24,003e5d0f9807129ba820415efefd83b1014f3100,4100,新北市萬里區野柳里八斗60號
2018-03-24,001ce308d60914514d46754308bb1c7ab2f7c4db,9300,新北市樹林區鎮前街112號3樓
2018-03-25,001ced2e9c922977c07a90e99a53184091c61fd9,4900,桃園市桃園區中正路1號
2018-03-25,00692aedbbdf124c00a120c8cf4f37654bbcf82a,2100,高雄市仁武區中正路451號
2018-03-25,003ee3055e0f7bfaafef320a9e8d085874c27a41,4500,新北市萬里區野柳里八斗60號
2018-03-26,001cf8ff340029dd6382758eeca586460f0d3862,5000,桃園市中壢區新興路123號
2018-03-26,0069738775d276aad6abb4fde4061fb45a074059,2800,高雄市岡山區岡燕路375號
2018-03-26,003efb19fa4783e02e92326ffec46199088a5b6f,3100,臺北市中正區福州街15號
2018-03-27,00698c886e6ff3abddefceedc00dd79e0a02bec8,5500,高雄市岡山區岡燕路375號
2018-03-27,003f14ff42846b1ebad94e7d00ae9ce8fba32f44,8200,新北市中和區景平路123號
2018-03-27,001da6b45bf345d5d7e23cd5e81d104a6241ed3e,2400,新竹市東區中華路2段445號
2018-03-28,00699d7b99529a07e6ed0a9d25cd09c180908824,2500,高雄市岡山區岡燕路375號
2018-03-28,003f2ef94982d35b576cfacf3b8ed4c47256c384,1900,新北市萬里區野柳里八斗60號
2018-03-28,001dd33ae1a0e3a95ebd4ca4aad64294e4f80633,4500,臺中市東區新民街32號
2018-03-29,0069dc72411d99ce30cc87b4511c049a323bb676,5600,高雄市岡山區岡燕路375號
2018-03-29,00400461b919501fb0871d0809373f9aec25cb44,200,臺中市大雅區科雅西路2號
2018-03-29,001e246cb7e747745fccfeb5222fbecfac4156e1,8500,臺中市東區新民街32號
2018-03-30,006a19e417c4c8554c52973df3af6e71f0d3ea8d,7400,高雄市岡山區岡燕路375號
2018-03-30,004029b5b1a84b3e7de8b7a0570199891af295d0,7700,新竹市東區園區一路8號2樓
2018-03-30,001e322000a88dd0426b0481c310234178243708,8600,臺中市東區新民街32號
2018-03-31,001e5ddceac81079e69e911359c9bbd8f0b21d61,500,苗栗縣竹南鎮中山路166號
2018-03-31,006a883b6f4550991b11c723b7fbe4ecd730c5c5,1300,高雄市仁武區中正路451號
2018-03-31,00402ba9d07ad3bbc29eb22730eba1ad405c7490,7900,新竹市東區園區一路8號1樓
2018-03-02,001e713fde55bee3caa06661fc814bebab70336b,1800,苗栗縣苗栗市為公路2號
2018-03-02,006a94290710dbec76f0008ee211aa5d6cb240a4,9200,高雄市仁武區中正路451號
2018-03-02,004131962dba25b57ffbe783e4ceb83b942186fa,1100,新竹市東區園區三路101號
2018-03-03,004195109be6055d4b8c2f4d75c9b0eaf1c79a8a,2200,苗栗縣竹南鎮科研路36號
2018-03-03,006b27fd3e5784cab5ca5423e4655ad4ae5a8a35,6900,高雄市仁武區中正路451號
2018-03-03,001e72d1220f043188a0f7a3f29c1434e68b09b4,1900,臺中市豐原區中正路1號
2018-03-04,00421f23f4afbc02a7525b730ed4e43af7cfbee6,4600,桃園市龍潭區龍園一路1號
2018-03-04,006b5b4549337d3e2b898e2ce83f4917b3886a55,9800,高雄市仁武區中正路451號
2018-03-04,001e9c589979237ded12d0baefe89678db4d3c11,3500,臺中市中區臺灣大道1段1號
2019-01-08,0656a2ce1781e83aeabcc73092567299d12de5e9,200,高雄市路竹區下坑村太平路三四二之二號一樓
2019-01-08,1dacc49af4a6222d73ad86825d19054a34aa8312,1500,高雄市路竹區下坑村太平路三四二之二號一樓
2019-01-08,0618a9bcc86517b08c1b3f3ce181faefc9b4c7fd,1300,高雄市路竹區大社路162號1樓
2019-01-08,1d6ed82ef3df987cce260f890c81e0dfcbb4dd03,9900,高雄市路竹區大社路162號1樓
2019-01-08,0a396da7f01ebe4adc4d2d6e05a0405d1cb93bc6,5800,高雄市路竹區大社路42、42-1、46號1樓
2019-01-08,218953c1e29e6d0e4eabcb01ae50c245d5cf9c7b,2400,高雄市路竹區大社路42、42-1、46號1樓
2019-01-08,11c548ebd21f8905bf0b75d26ea48a44204ea904,2700,高雄市路竹區中山路711號
2019-01-08,28f308234badc9813243681514efa3a46b6da1e9,2600,高雄市路竹區中山路711號
2019-01-08,0a2ec8b6b69e24cc7bf7b9329c853fa797bb4eb3,9000,高雄市路竹區中正路172、172-1號1樓